{
  "version": 1,
  "author": "Anonymous maker",
  "editor": "wokwi",
  "parts": [
    { "type": "wokwi-arduino-uno", "id": "uno", "top": -9, "left": -19.8, "attrs": {} },
    {
      "type": "wokwi-pushbutton",
      "id": "btn1",
      "top": -92.6,
      "left": 48.2,
      "rotate": 180,
      "attrs": { "color": "red", "bounce": "1" }
    },
    {
      "type": "wokwi-led",
      "id": "led1",
      "top": -176.4,
      "left": 109.4,
      "attrs": { "color": "red" }
    },
    {
      "type": "wokwi-led",
      "id": "led2",
      "top": -176.4,
      "left": 186.2,
      "attrs": { "color": "green" }
    }
  ],
  "connections": [
    [ "btn1:1.l", "uno:2", "green", [ "h0" ] ],
    [ "uno:GND.2", "led1:C", "black", [ "v-297.7", "h-34.5" ] ],
    [ "uno:GND.3", "led2:C", "black", [ "v-297.7", "h42.4", "v-9.6" ] ],
    [ "uno:8", "led1:A", "green", [ "v-124.8", "h-18.8" ] ],
    [ "uno:9", "led2:A", "green", [ "v-96", "h77.6" ] ],
    [ "uno:GND.1", "btn1:2.l", "black", [ "v-38.4", "h29.1", "v-38.4" ] ]
  ],
  "dependencies": {}
}